9.90221872831552,9.90645649439086,9.90645649439086,10.0089357829015,10.0089357829015,9.98797178118858,9.98797178118858,9.91243758321799,10.0133714138248,10.0133714138248,9.60502209921501,9.60502209921501,11.3181834921242,11.3181834921242,7.71707559312803,7.71707559312803,13.358137063325,8.11294342559285,8.11294342559285,10.9272614409325,10.9272614409325,23.158058321349,23.158058321349,14.4481749291722,14.4481749291722,11.112405352359,13.5727386474609,13.5727386474609,15.4082805392335,15.4082805392335,11.0267315412054,11.0267315412054,13.1300908692762,13.1300908692762,9.97082488001304,9.97082488001304,10.3065168966262,11.1613440281784,11.1613440281784,11.6928507339286,11.6928507339286,13.6440853954506,13.6440853954506,10.1636035762302,10.1636035762302,7.5778430408354,7.5778430408354,14.2563333038804,11.2817975672043,11.2817975672043,1
13.2245960226461,7.24933332123017,7.24933332123017,16.0517850735244,16.0517850735244,8.42775638202831,10.9502550198084,10.9502550198084,9.90249746476543,9.90249746476543,18.6744168422111,18.6744168422111,9.35674311609426,9.35674311609426,6.62626843510632,6.62626843510632,9.2177314818725,8.00726597204621,8.00726597204621,39.1375872060068,39.1375872060068,15.5651489017224,15.5651489017224,10.7303075618275,10.7303075618275,20.8808814901792,20.8808814901792,13.7184019145906,13.4390476623112,13.4390476623112,9.70850527265111,9.70850527265111,8.22416444697485,8.22416444697485,10.7906782865011,10.7906782865011,14.4463777160323,4.84574331121702,4.84574331121702,6.07132762837552,6.07132762837552,8.85822048146234,8.85822048146234,10.8450640081977,10.8450640081977,7.80660736474701,9.16724281808101,9.16724281808101,11.0698741915437,11.0698741915437,1
9.8670240953449,9.73640236693527,9.73640236693527,9.72281321414054,9.72281321414054,9.90848403095297,10.2785975693506,10.2785975693506,10.7002103946459,10.7002103946459,13.6076566758348,13.6076566758348,10.1028631459105,10.1028631459105,12.779614333202,12.779614333202,8.56707122629483,20.3660033050405,20.3660033050405,15.5484702278125,15.5484702278125,8.93405886883612,8.93405886883612,19.082575188019,19.082575188019,9.54017049490663,17.8240584210009,17.8240584210009,5.38846973738383,5.38846973738383,8.48861925096599,8.48861925096599,11.9391929240503,11.9391929240503,11.135692964022,7.97276631315935,7.97276631315935,8.6094056231299,8.6094056231299,9.05064835104056,9.05064835104056,11.4525699459127,11.4525699459127,11.6500415675068,11.6500415675068,11.153792832343,13.5979682986435,13.5979682986435,10.7726063600831,10.7726063600831,1
9.943454745592,9.943454745592,9.96631610528155,9.96631610528155,10.2701506740864,10.2701506740864,9.35619794303626,9.35619794303626,9.89661323628578,9.89661323628578,9.63884106497701,12.8263132220663,12.8263132220663,3.47609787304784,3.47609787304784,5.1968476416075,5.1968476416075,13.357544131803,13.357544131803,13.7575034780679,7.37791765183314,7.37791765183314,8.26694337198179,8.26694337198179,25.4280941371815,25.4280941371815,32.3004021290225,32.3004021290225,9.85686006815986,9.85686006815986,11.034045313441,10.7704760736852,10.7704760736852,12.1036326242163,12.1036326242163,8.81150448317615,8.81150448317615,12.8872519322565,12.8872519322565,9.98165440789409,9.73553824078351,9.73553824078351,9.43754452086402,9.43754452086402,11.4677944023272,11.4677944023272,11.4515115913154,11.4515115913154,10.721993425006,10.721993425006,1
10.0308830520316,11.207846399124,11.207846399124,9.05496557079916,9.05496557079916,8.48442100954303,8.48442100954303,12.5974857368499,12.5974857368499,8.94524969105971,11.429938023409,11.429938023409,13.0723162902659,13.0723162902659,10.1147818876412,10.1147818876412,13.4714212608939,13.4714212608939,1.47003173828125,35.8508776926046,35.8508776926046,9.31861176815606,9.31861176815606,10.769253785572,10.769253785572,11.8580753295866,11.8580753295866,3.88578796386719,3.88578796386719,13.5307686844321,14.4989146128365,14.4989146128365,13.3160934000782,13.3160934000782,15.3426049883329,15.3426049883329,1.94648742675781,1.94648742675781,8.24580320446869,12.4071407728934,12.4071407728934,10.148609245614,10.148609245614,11.9908856500033,11.9908856500033,19.094061455745,19.094061455745,20.797426352572,20.797426352572,15.3951696824993,1
9.66121565380467,9.72491716354674,9.72491716354674,9.80653652218719,9.83598337995286,9.83598337995286,9.86938406738439,9.86938406738439,11.6651950329756,11.6651950329756,10.7753759191077,10.7753759191077,8.35136142868428,8.35136142868428,9.6645733105207,9.6645733105207,11.777338352388,9.58647594024437,9.58647594024437,12.6059720495799,12.6059720495799,9.86480605936303,9.86480605936303,11.5590463165892,11.5590463165892,7.66429575009888,14.3848448559291,14.3848448559291,11.44224857489,11.44224857489,12.0333577036952,12.0333577036952,10.0816052158879,10.0816052158879,11.1416628881496,11.1416628881496,12.3253057296736,10.2665667251957,10.2665667251957,15.5093302787393,15.5093302787393,7.45101629125392,7.45101629125392,27.1630744029498,27.1630744029498,18.3758850616004,11.3985969382661,11.3985969382661,9.33317953369177,9.33317953369177,1
9.75606176554942,9.75606176554942,9.78575051032203,9.88942155578235,9.88942155578235,10.5776306039825,10.5776306039825,11.4008654377111,11.4008654377111,7.31990515448391,7.31990515448391,12.7079061606384,16.1777523831269,16.1777523831269,15.5390174064137,15.5390174064137,24.5006663389266,24.5006663389266,6.41299051520872,6.41299051520872,2.81739206246456,2.81739206246456,27.4526615074734,15.7284838362632,15.7284838362632,10.8222789873398,10.8222789873398,11.6097867202264,11.6097867202264,4.45321655273438,4.45321655273438,10.3097264855589,9.13283174878732,9.13283174878732,14.7753526567216,14.7753526567216,11.5411040255619,11.5411040255619,9.656257077193,9.656257077193,8.82001838103161,8.82001838103161,9.25870983788769,12.7151409223031,12.7151409223031,9.99366915329992,9.99366915329992,9.15111297692051,9.15111297692051,8.49240037115344,1
10.8592423187142,10.3610453091678,10.3610453091678,9.96471311279557,9.96471311279557,9.80958627792785,9.80958627792785,9.86918489309227,9.86918489309227,9.71006653318111,9.78767248841346,9.78767248841346,9.71228618716818,9.71228618716818,9.69824257244841,9.69824257244841,9.69933694644265,9.69933694644265,9.73586788597461,9.810797325062,9.810797325062,10.0202463539565,10.0202463539565,10.2458700000714,10.2458700000714,10.537740589942,10.537740589942,10.0812991345188,10.0812991345188,9.35108790567946,6.35720862946188,6.35720862946188,12.5605540320134,12.5605540320134,14.0299778205884,14.0299778205884,26.2712966943739,26.2712966943739,21.641038504612,21.641038504612,15.9534872904308,18.0768525672626,18.0768525672626,14.4168938169636,14.4168938169636,4.66048912370736,4.66048912370736,9.0785949244755,9.0785949244755,10.6688029339323,1
10.0025184627681,9.62765538408128,9.62765538408128,9.82756499804081,9.82756499804081,10.2250140639362,10.2250140639362,9.70950458898802,9.70950458898802,10.9642679446058,10.9642679446058,9.96809708626095,9.96809708626095,8.83837517350545,10.6087337767763,10.6087337767763,18.2170781718208,18.2170781718208,12.9312698476188,12.9312698476188,11.740338990998,11.740338990998,11.4861800529424,3.45962524414062,3.45962524414062,13.8626452531631,13.8626452531631,13.6622866588546,13.6622866588546,11.6664422801183,11.6664422801183,11.591667935567,11.591667935567,11.0163019874477,10.7858190034519,10.7858190034519,11.2321654494503,11.2321654494503,11.3517157555624,11.3517157555624,10.6366664332461,10.6366664332461,9.36086024916695,9.19867846463723,9.19867846463723,10.157101038205,10.157101038205,7.26574209880616,7.26574209880616,13.1749488390713,1
8.92613702522535,8.69037824456744,15.7426334533949,15.7426334533949,10.294694876751,10.294694876751,10.1953846410276,10.1953846410276,11.6756478698766,11.6756478698766,21.4744223532799,21.4744223532799,9.69416559240124,21.9072409359483,21.9072409359483,12.9533781151669,12.9533781151669,29.258593684972,29.258593684972,7.16111742214639,7.16111742214639,15.8440507148498,15.3025989486767,15.3025989486767,6.70322648477105,6.70322648477105,18.0549595964028,18.0549595964028,12.7756746508783,12.7756746508783,3.91212463378906,3.91212463378906,5.29968622605771,23.452332734407,23.452332734407,13.1919609234606,13.1919609234606,11.4885422943211,11.4885422943211,12.6101290557102,12.6101290557102,9.57480932472443,10.1825443030545,10.1825443030545,7.08358714894587,7.08358714894587,11.3863888925455,11.3863888925455,5.10488817935622,5.10488817935622,1
10.327553285482,10.327553285482,10.5131063916017,10.7467744607599,10.7467744607599,9.23163955584601,9.23163955584601,9.74257064507951,9.74257064507951,9.81210223368801,9.81210223368801,10.5562048486422,9.6044875012829,9.6044875012829,10.1267846654111,10.1267846654111,10.1433576284527,10.1433576284527,14.16343508495,14.16343508495,4.16440921470264,4.16440921470264,20.297106601875,13.7464036216719,13.7464036216719,11.1746564537917,11.1746564537917,5.25407145829392,5.25407145829392,9.30013753493533,9.30013753493533,14.9080387161715,23.1635306998978,23.1635306998978,14.6994847633048,14.6994847633048,7.81509668727159,7.81509668727159,9.49975396046957,9.49975396046957,11.4718169139856,11.4718169139856,13.8939925521572,7.50833284890679,7.50833284890679,6.84903006082843,6.84903006082843,7.5572595770797,7.5572595770797,14.3199677096273,1
9.96290030173518,9.7408185346582,10.2206520068103,10.2206520068103,10.070997826527,10.070997826527,7.68214954448491,7.68214954448491,10.4277059475089,10.4277059475089,26.5003182060521,10.1742060461342,10.1742060461342,10.7703756559293,10.7703756559293,15.4289717501983,15.4289717501983,7.94699706576605,7.94699706576605,19.5579855991817,6.5471033539834,6.5471033539834,14.9307239989376,14.9307239989376,0.928955078125,0.928955078125,9.3666671106115,9.3666671106115,26.1214774342736,26.1214774342736,6.95372718593587,9.52735855195525,9.52735855195525,12.8208190095573,12.8208190095573,10.1873972056493,10.1873972056493,3.47775095857406,3.47775095857406,6.46036711294946,14.0323111033762,14.0323111033762,10.5451671367382,10.5451671367382,8.51797878887809,8.51797878887809,9.75353680932139,9.75353680932139,9.97056994826768,9.97056994826768,1
9.81222459801114,9.73415640667169,9.73415640667169,9.80084878970504,9.80084878970504,10.3150234405258,10.3150234405258,9.88844918297051,9.88844918297051,8.80443106946814,12.7003629998511,12.7003629998511,9.59801101771218,9.59801101771218,10.2625300312268,10.2625300312268,11.3014899411694,11.3014899411694,9.98310857047618,9.98310857047618,14.9305446605666,27.2930259723824,27.2930259723824,4.45731292612064,4.45731292612064,18.1838425902499,18.1838425902499,5.60587659552089,5.60587659552089,17.5078532305712,11.4350151677376,11.4350151677376,11.5884148457281,11.5884148457281,9.7780139754961,9.7780139754961,10.7609840146364,10.7609840146364,8.51149465750693,8.51149465750693,13.6942775472492,12.0273615623577,12.0273615623577,12.2044270651577,12.2044270651577,9.05728652365952,9.05728652365952,10.875807395667,10.875807395667,16.7039436535116,1
9.79475837221153,9.80750508132999,9.80750508132999,9.77844095803333,9.77844095803333,9.80817376734619,9.80817376734619,9.76679096701243,9.78068080118962,9.78068080118962,9.7079202751687,9.7079202751687,9.60658591290824,9.60658591290824,9.71898225190993,9.71898225190993,9.71121253852562,9.71121253852562,9.64135876642746,10.3327146743664,10.3327146743664,10.1236645682985,10.1236645682985,14.406057633953,14.406057633953,9.47756681918473,9.47756681918473,9.96001153805059,14.9885075148092,14.9885075148092,16.9105046760115,16.9105046760115,15.7040282832275,15.7040282832275,13.1096994121412,13.1096994121412,5.03798887538635,16.7790956327909,16.7790956327909,11.6850165313507,11.6850165313507,9.60192782078162,9.60192782078162,18.121252096435,18.121252096435,9.7159928899766,9.7159928899766,11.2435426351857,14.9800333242349,14.9800333242349,1
9.47215910745031,11.1314336311197,11.1314336311197,12.1527092527058,12.1527092527058,10.189268086944,9.80795804661096,11.0292051618373,10.2656922187253,10.2656922187253,12.6130033877971,12.6130033877971,7.62756629752099,7.62756629752099,13.9224685918758,13.9224685918758,28.0790964330755,14.4654192884847,14.4654192884847,26.0003081511651,26.0003081511651,20.8008353152994,20.8008353152994,11.4928766874066,11.4928766874066,10.9800200071457,21.1215298643495,21.1215298643495,25.4548065228059,25.4548065228059,12.4033085266555,12.4033085266555,6.38779482281385,6.38779482281385,7.39794365699055,7.39794365699055,10.3768439069406,11.6012656679014,11.6012656679014,9.66749806767142,9.66749806767142,11.0585110005052,11.0585110005052,8.21046161300457,8.21046161300457,6.54274836672595,23.8615209134859,23.8615209134859,9.96293018608179,9.96293018608179,1
9.7766727011792,9.74342430314335,9.74342430314335,9.71270103480982,9.71270103480982,9.77799517121584,9.77581528457923,9.77581528457923,9.73503751064776,9.73503751064776,9.79037750668698,9.79037750668698,9.25311177586623,9.25311177586623,26.911768944766,9.33925554010446,9.33925554010446,12.0985389902686,12.0985389902686,18.1156487782267,18.1156487782267,6.46084983259459,6.46084983259459,14.8058766184657,20.9043047532423,20.9043047532423,8.97672695405025,8.97672695405025,28.366351220213,28.366351220213,11.4905771434336,11.4905771434336,10.6122401209766,10.6122401209766,10.012660295114,11.927453553902,11.927453553902,16.0864601137999,16.0864601137999,10.3671669358157,10.3671669358157,12.3244389817443,12.3244389817443,13.6728024663371,6.50471528453128,6.50471528453128,6.82805347558611,6.82805347558611,12.5428635852382,12.5428635852382,1
9.83828414154949,9.85107580522905,9.85107580522905,9.90822863792875,9.8471853162961,9.8471853162961,9.80915917869606,9.80915917869606,10.1915572414397,10.1915572414397,10.1425301453283,10.1425301453283,8.68023926532583,8.68023926532583,9.60196843747268,13.5812656491363,13.5812656491363,16.0647567640613,16.0647567640613,28.7705082060351,28.7705082060351,9.44235085657672,9.44235085657672,7.38784232911996,33.9876136255415,33.9876136255415,7.5502469137507,7.5502469137507,4.72705915904143,4.72705915904143,15.7830214238671,15.7830214238671,6.69693571934977,6.69693571934977,7.07349221213147,21.9639778671393,21.9639778671393,11.765983473822,11.765983473822,10.2168835905708,10.2168835905708,9.59310532255666,9.59310532255666,14.4094808837622,9.88302319788804,9.88302319788804,15.8342342154223,15.8342342154223,7.47846622737464,7.47846622737464,1
9.81254670489735,9.90778904535934,9.90778904535934,9.84933555524471,10.1727290220965,10.1727290220965,9.83844037822225,9.83844037822225,9.74151087928957,9.74151087928957,9.71257318334514,9.71257318334514,9.69927278061982,9.70830402138464,9.70830402138464,9.67677604422573,9.67677604422573,10.4314370029666,10.4314370029666,10.4395769901104,10.4395769901104,9.29325088199831,9.29325088199831,9.92187533193216,16.542739320413,16.542739320413,15.2556832614803,15.2556832614803,0.952896118164062,0.952896118164062,38.6694945966907,38.6694945966907,25.9866593318515,20.5837178670743,10.8860276298935,15.860970008266,15.860970008266,8.59956500923834,8.59956500923834,13.2509140014946,13.2509140014946,9.13213806882236,9.13213806882236,7.68199465776248,7.24171678433125,7.24171678433125,25.3497477405986,25.3497477405986,14.3759961061213,14.3759961061213,1
12.7435494842761,11.5373312458038,11.5373312458038,9.85133902809516,9.85133902809516,9.48411236042706,9.48411236042706,9.02950878604275,12.5127640083276,12.5127640083276,6.76880954512839,6.76880954512839,11.8224881465519,11.8224881465519,9.94833702911379,9.94833702911379,9.27473140483972,9.27473140483972,9.3864159562617,16.7169081793361,16.7169081793361,11.952935283825,11.952935283825,21.7406379929007,21.7406379929007,17.1198005543767,17.1198005543767,8.19672800875148,12.9886530588736,12.9886530588736,11.3640179990892,11.3640179990892,12.1574387663023,12.1574387663023,4.9090975735006,4.9090975735006,21.2360425703068,21.2360425703068,10.8666786895679,9.70526707026853,9.70526707026853,9.64702621456582,9.64702621456582,9.62724190404808,9.62724190404808,8.78504845152926,8.78504845152926,11.3659224631009,11.389274066936,11.389274066936,1
9.91365887169816,9.91365887169816,9.88198494035465,9.88198494035465,9.94775992691121,9.94775992691121,9.86864375971011,9.95887523230065,9.95887523230065,9.93322286900712,9.93322286900712,9.91410453323321,9.91410453323321,9.9428797289527,9.9428797289527,9.93229485784971,9.93229485784971,10.5226778705699,9.29854092230053,9.29854092230053,8.85785255036996,8.85785255036996,16.4924511791136,16.4924511791136,7.67510179857883,7.67510179857883,15.3695264546948,14.5334243999881,21.8128988197477,37.9189199496644,37.9189199496644,28.1445080372283,28.1445080372283,2.88372388948383,2.88372388948383,14.7311484489726,14.7311484489726,13.196516809137,10.4743626528099,10.4743626528099,9.05616308223367,9.05616308223367,10.1126396118439,10.1126396118439,10.6382217481503,10.6382217481503,10.1885542599576,9.58770999235134,9.58770999235134,6.39157579315169,1
11.7320328550112,11.7320328550112,9.19544044342976,9.19544044342976,10.008715243995,10.008715243995,9.82652311698655,9.82370171524241,9.82370171524241,9.39626337388958,9.39626337388958,9.70538929939223,9.70538929939223,10.0704194059003,10.0704194059003,9.38970419581517,10.499575199836,10.499575199836,13.8200054708489,13.8200054708489,12.1228520532764,12.1228520532764,14.3622074168241,14.3622074168241,26.7632736621966,26.7632736621966,14.1473388671875,9.35068486883452,9.35068486883452,11.59332658965,11.59332658965,9.46697592189678,9.46697592189678,12.2874113795438,12.2874113795438,12.7437728933375,9.6159105586424,9.6159105586424,6.48499667431011,6.48499667431011,6.80650299985321,6.80650299985321,21.2440111616183,21.2440111616183,10.820217522605,10.820217522605,7.64884346426994,15.6967432406078,15.6967432406078,6.81265074370792,1
9.69681627351561,9.69681627351561,9.85429631017184,9.85429631017184,9.6914880183026,10.219557242237,10.219557242237,10.2976433330237,10.2976433330237,9.4937601936572,9.4937601936572,10.0873792594064,10.0873792594064,9.84106976397446,9.84106976397446,9.34014419033204,11.5828600547237,11.5828600547237,21.5276655808188,21.5276655808188,4.5594309493745,4.5594309493745,8.08007295903195,8.08007295903195,18.7812681812612,4.07223797544062,4.07223797544062,26.8125681116017,26.8125681116017,8.92894483396255,8.92894483396255,11.0245121686372,11.0245121686372,11.1166689584933,11.1166689584933,12.3064080145923,5.65616411146284,5.65616411146284,9.34238265107089,9.34238265107089,11.7303635257946,11.7303635257946,11.8865696490253,11.8865696490253,9.43455818024161,12.4861639219812,12.4861639219812,9.80539573923326,9.80539573923326,8.42843196994187,1
9.74732731207404,9.76096968856803,9.76096968856803,9.93000331279086,9.93000331279086,10.0916605757681,10.7235035055853,10.7235035055853,9.95433039700651,9.95433039700651,8.00782897751264,8.00782897751264,10.4469662367866,10.4469662367866,10.0194665422218,8.50367168987977,8.50367168987977,11.8512532084644,11.8512532084644,20.1376557507879,20.1376557507879,12.1117265409705,12.1117265409705,4.67242877877721,4.67242877877721,19.8985667774912,13.3500150393219,13.3500150393219,13.0132618359959,13.0132618359959,10.5859808159484,10.5859808159484,11.8845108498408,11.8845108498408,6.08298771290789,6.9390457313155,6.9390457313155,13.9561682896868,13.9561682896868,11.3751368135542,11.3751368135542,19.0956530496744,19.0956530496744,6.88546908634946,6.88546908634946,8.52896103707968,8.28776418288182,8.28776418288182,10.3493703376258,10.3493703376258,1
9.2614472927562,9.90885017417549,9.90885017417549,10.3210321338671,10.3210321338671,9.72476248076892,10.4680862405044,10.4680862405044,9.67082883555219,9.67082883555219,10.903096447157,10.903096447157,11.0345268064193,11.0345268064193,9.90538464225405,10.4588149553668,10.4588149553668,8.45175699672418,8.45175699672418,8.83105098672507,8.83105098672507,11.6000031306709,11.6000031306709,11.746269832704,11.746269832704,21.8881553447761,7.04701490680306,7.04701490680306,26.6556499175011,26.6556499175011,3.96958923339844,3.96958923339844,10.9653641653391,10.9653641653391,4.80975055574685,10.354737251309,10.354737251309,13.1308338722463,13.1308338722463,9.94101471735348,9.94101471735348,10.7657617334952,10.7657617334952,9.66645328997477,9.66645328997477,9.91193317653697,9.86748502610323,9.86748502610323,9.16276813033905,9.16276813033905,1
9.74708854860194,9.74708854860194,9.93900234002865,9.93900234002865,10.0754279899504,10.0902223138615,10.0902223138615,10.2624687193086,10.2624687193086,15.2738619344564,15.2738619344564,10.2588159993611,10.2588159993611,19.4860320502841,19.4860320502841,8.35742925835321,11.6903559393481,11.6903559393481,20.2161687942527,20.2161687942527,29.1813603230837,29.1813603230837,20.13399885762,20.13399885762,24.8894860867151,6.62647423424849,6.62647423424849,17.62766183851,17.62766183851,13.5462349318561,13.5462349318561,16.1097732851355,16.1097732851355,12.2365159763346,12.2365159763346,2.07337951660156,8.93258100948606,8.93258100948606,12.8567314249131,12.8567314249131,10.9553988189901,10.9553988189901,8.97226985803477,8.97226985803477,8.91213052579348,11.9152380422861,11.9152380422861,12.8108681215326,12.8108681215326,7.90022563399553,1
9.93676379675793,9.7552233752391,9.7552233752391,9.78352633876411,9.78352633876411,9.80105259833703,9.80105259833703,9.77620177578687,9.77620177578687,9.8205214800303,9.81849606146646,9.81849606146646,9.94474532593176,9.94474532593176,9.91790025096242,9.91790025096242,11.7457122615609,11.7457122615609,9.11448510798393,9.11448510798393,12.5666515084821,13.5363085799994,13.5363085799994,5.00806709018905,5.00806709018905,15.6627164594348,15.6627164594348,8.91004816908614,8.91004816908614,18.4836957826239,16.076996373931,16.076996373931,10.2657020814216,10.2657020814216,28.3594633982876,28.3594633982876,9.57280461633069,9.57280461633069,8.17474354247557,8.17474354247557,9.99220238042364,10.322160570247,10.322160570247,12.4694960722099,12.4694960722099,5.31793015980249,5.31793015980249,9.34820207992557,9.34820207992557,15.0767751486201,1
9.66286072905904,11.6600513649421,11.6600513649421,8.65993984728321,8.65993984728321,10.6478717821541,10.6478717821541,7.85713127090667,7.85713127090667,8.26282839081241,9.83876102025798,9.83876102025798,13.6146385520783,13.6146385520783,15.1814093295726,15.1814093295726,6.83817423885678,6.83817423885678,9.84996361156236,15.8841914933271,15.8841914933271,8.46257918409252,8.46257918409252,12.2767109653317,12.2767109653317,13.9912366664222,13.9912366664222,0.6129150390625,0.6129150390625,8.43686574948948,10.953352181821,10.953352181821,10.07545287862,10.07545287862,9.05559345314713,9.05559345314713,17.1586140285778,17.1586140285778,9.72508420368455,9.72508420368455,8.63597848223396,11.0735466950064,11.0735466950064,15.6715807328128,15.6715807328128,9.94962215738395,9.94962215738395,9.62463563543725,9.62463563543725,9.80647124836232,1
10.1412915599449,9.97417266295892,9.97417266295892,9.76521902829568,9.76521902829568,9.83165845215833,9.83165845215833,9.84030401222983,9.84030401222983,13.4084045337031,17.7996698965613,17.7996698965613,3.80084473432795,3.80084473432795,21.8734072130056,21.8734072130056,10.5807261165004,10.5807261165004,8.02843439766211,22.2600921106064,22.2600921106064,10.294089249637,10.294089249637,5.29674298156116,5.29674298156116,15.9424693789768,15.9424693789768,5.1199224165523,5.1199224165523,10.5105438232422,9.52820891597864,9.52820891597864,5.8203125,5.8203125,11.2325192736976,11.2325192736976,9.5474163129766,9.5474163129766,13.7912683052019,2.93179198178695,12.44609381036,12.44609381036,12.44609381036,11.7592247786272,11.7592247786272,10.2183916716575,10.2183916716575,9.86293849633976,9.86293849633976,12.0855541525521,1
10.203061643911,10.203061643911,9.58757952996796,9.58757952996796,7.69540610838912,7.69540610838912,15.6421785821864,15.6421785821864,11.872428393508,11.872428393508,17.2571032526854,17.2571032526854,9.82513785582417,9.82513785582417,8.29113959410999,8.29113959410999,12.4205971488388,12.4205971488388,10.2086020449821,10.2086020449821,10.2991001781774,10.2991001781774,11.3439284251522,11.3439284251522,7.17096855970426,7.17096855970426,16.8632674984076,16.8632674984076,3.7188827889202,3.7188827889202,15.5682081495124,15.5682081495124,12.3719300538789,12.3719300538789,11.4821787986735,11.4821787986735,9.37467482694562,9.37467482694562,8.91966497636485,8.91966497636485,9.84308705913408,9.84308705913408,13.0784497621738,13.0784497621738,19.9631657116905,19.9631657116905,11.8878883867454,11.8878883867454,10.5881564245363,10.5881564245363,1
9.90731131817975,9.84586666168963,9.84586666168963,9.88670967373446,9.88670967373446,9.91366470368943,9.91366470368943,9.91048333128131,9.91048333128131,11.7928126727537,11.7928126727537,10.758351801915,10.758351801915,9.16213712799109,9.16213712799109,12.5245503278109,12.5245503278109,6.21405355526825,6.21405355526825,10.0363014366775,10.0363014366775,7.82028177164628,7.82028177164628,13.9311982050605,13.9311982050605,14.6582941113548,14.6582941113548,7.99214687290766,3.89307515057723,3.89307515057723,20.7727939892373,20.7727939892373,7.40083667352723,7.40083667352723,14.4272190750665,14.4272190750665,9.54022580436123,9.54022580436123,12.677992200979,12.677992200979,7.49951110995134,7.49951110995134,12.5838914997229,12.5838914997229,11.6181671972019,11.6181671972019,10.3666807058582,10.3666807058582,10.9864840633982,10.9864840633982,1
10.0568816459313,10.0568816459313,9.20348898512374,9.20348898512374,25.8816694057788,11.3384563692095,11.3384563692095,8.86487251737634,8.86487251737634,7.46123647955198,7.46123647955198,10.7912907977318,10.7912907977318,8.93262965534679,10.6707324631893,10.6707324631893,9.78452508305607,9.78452508305607,3.64877638992133,3.64877638992133,8.6642272313353,8.6642272313353,8.35563401157829,11.3138227276554,11.3138227276554,9.91556072872878,9.91556072872878,12.5156684868054,12.5156684868054,1.498779296875,1.498779296875,64.681419513274,64.681419513274,8.6681434245268,10.115999494686,10.115999494686,11.2695300970168,11.2695300970168,9.51444874331441,9.51444874331441,9.25919133600123,9.25919133600123,15.0855896191207,10.2290921299737,10.2290921299737,7.83618223347364,7.83618223347364,3.1709066226188,3.1709066226188,12.2780958368527,1
10.10832214,7.627929688,7.627929688,9.916778564,9.916778564,9.124298096,9.124298096,9.732437134,9.732437134,10.05768523,10.05768523,9.950032253,9.950032253,10.5249176,10.5249176,9.950302124,9.950302124,10.05325317,10.05325317,10.05085754,10.05085754,8.829818726,8.829818726,0.10055542,0.10055542,33.36092731,33.36092731,6.528643014,6.528643014,15.72294573,15.72294573,7.424423218,7.424423218,1.084579468,1.084579468,7.472305298,7.472305298,9.481033325,9.481033325,9.935943604,9.935943604,9.849746704,9.849746704,9.866500854,9.866500854,9.885665894,9.885665894,9.868896484,9.868896484,9.804260254,0
8.319696702,9.011890546,9.011890546,10.07764234,10.07764234,10.2412999,10.2412999,12.62134672,12.62134672,11.75313051,11.75313051,11.11532813,11.11532813,9.415264409,9.415264409,8.081388504,8.081388504,9.064932711,9.064932711,9.446764472,9.446764472,9.570809705,9.570809705,9.472578224,9.472578224,9.886687875,9.886687875,9.507120332,9.507120332,0.136474609,0.136474609,0.574615479,0.574615479,5.256535759,5.256535759,39.07214751,39.07214751,15.43772559,15.43772559,9.849746704,9.849746704,9.859329224,9.859329224,9.871292114,9.871292114,9.888061523,9.888061523,9.900024414,9.900024414,9.375701904,0
11.77860298,11.77860298,8.636393128,8.636393128,9.193879987,9.193879987,13.10960839,13.10960839,8.946850839,8.946850839,8.747946171,8.747946171,8.414625939,8.414625939,9.353177384,9.353177384,10.46728152,10.46728152,7.052720079,7.052720079,0.313644409,0.313644409,22.87441798,22.87441798,22.50774585,22.50774585,5.396664488,5.396664488,48.88178597,48.88178597,2.580947876,2.580947876,12.88079834,12.88079834,9.758758545,9.758758545,9.720458984,9.720458984,10.02452087,10.02452087,10.08198547,10.08198547,9.993392944,9.993392944,10.01016235,10.01016235,9.957489014,9.957489014,9.988601685,9.988601685,0
10.20000895,10.20000895,10.92918552,10.92918552,9.548629294,9.548629294,10.06123352,10.06123352,9.765672667,9.765672667,9.936413856,9.936413856,10.40927661,10.40927661,9.641298336,9.641298336,9.849100546,9.849100546,9.72647793,9.72647793,9.842611942,9.842611942,10.16613444,10.16613444,9.472760792,9.472760792,9.861995405,9.861995405,11.63816667,11.63816667,13.0523209,13.0523209,8.168429927,8.168429927,3.694244385,3.694244385,0.579391479,0.579391479,33.91192996,33.91192996,7.074183408,7.074183408,46.55275007,46.55275007,35.88372549,35.88372549,6.677429199,6.677429199,10.57040405,10.57040405,0
9.737213135,9.737213135,9.832977295,9.832977295,10.6446228,10.6446228,9.732421875,9.732421875,9.674972534,9.674972534,9.844955444,9.844955444,9.744400024,9.744400024,9.643844604,9.643844604,9.768341064,9.768341064,9.955093384,9.955093384,9.931475178,9.931475178,10.66311666,10.66311666,8.195343018,8.195343018,10.75251731,10.75251731,13.71444344,13.71444344,7.143887474,7.143887474,8.011566686,8.011566686,13.28403704,13.28403704,3.828323364,3.828323364,0.24180603,0.24180603,0.758956909,0.758956909,14.98311257,14.98311257,37.3899369,37.3899369,35.14512073,35.14512073,19.75456238,19.75456238,0
9.85188389,9.85188389,10.05210618,10.05210618,10.93509629,10.93509629,10.14288498,10.14288498,9.720901741,9.720901741,9.86690347,9.86690347,10.12282763,10.12282763,9.599690932,9.599690932,12.02895635,12.02895635,11.51082127,11.51082127,9.849746704,9.849746704,9.911987305,9.911987305,9.911987305,9.097961426,9.097961426,7.469909668,7.469909668,0.1771698,0.632064819,0.632064819,0.632064819,3.195384151,14.79920804,14.79920804,14.79920804,5.638336182,5.638336182,8.107399106,8.107399106,15.05233765,15.05233765,9.967056274,9.967056274,10.01733398,10.01733398,10.01733398,10.01733398,9.971847534,0
15.08411626,9.261693879,9.261693879,5.815343888,5.815343888,11.57356262,11.57356262,8.747355452,8.747355452,8.291122437,8.291122437,10.18733215,10.18733215,10.06761169,10.06761169,10.01254272,10.01254272,10.13226318,10.13226318,0.40222168,0.40222168,0.481231689,0.481231689,1.146820068,1.146820068,11.72253425,11.72253425,21.23800696,21.23800696,28.30637658,28.30637658,25.08977318,25.08977318,26.55429393,26.55429393,9.639053345,9.639053345,9.548080444,9.548080444,9.861709595,9.861709595,9.794677734,9.794677734,9.907211304,9.907211304,9.916778564,9.916778564,9.983825684,9.983825684,9.988601685,0
9.832977295,9.832977295,9.832977295,9.828201294,9.828201294,10.46266174,10.46266174,0.22984314,0.22984314,0.737411499,0.737411499,26.10429034,26.10429034,12.66929134,12.66929134,0.08140564,0.08140564,19.68125106,19.68125106,24.61479187,24.61479187,8.631103516,9.861724854,9.861724854,9.835388184,9.835388184,9.835388184,9.835388184,9.864105225,9.864105225,9.797073364,9.797073364,9.847351074,9.847351074,9.844955444,9.844955444,9.878479004,9.878479004,9.789886475,9.789886475,9.840164185,9.840164185,9.842559814,9.842559814,9.732437134,9.732437134,10.27351379,10.27351379,9.856933594,9.856933594,0
10.98458862,10.98458862,7.965499878,7.965499878,7.979873657,7.979873657,8.513778687,8.513778687,10.24575077,10.24575077,9.672576904,9.672576904,9.631866455,9.631866455,10.10832214,10.10832214,9.473861694,9.473861694,10.19450378,10.19450378,9.782699585,9.782699585,10.05085754,10.05085754,9.995788574,9.995788574,9.986206055,9.986206055,9.550476074,9.550476074,0.3256073,0.3256073,1.211471558,1.211471558,19.11107956,19.11107956,56.26365511,56.26365511,4.82569699,4.82569699,13.44345093,13.44345093,10.47463989,10.47463989,9.979034424,9.979034424,9.727645874,9.727645874,9.153030396,9.153030396,0
8.959106445,8.959106445,9.423568726,9.423568726,10.37194697,10.37194697,10.09634399,10.09634399,11.10430908,11.10430908,11.32696533,11.32696533,11.05163574,11.05163574,9.00139426,9.00139426,9.284713745,9.284713745,9.320632935,9.320632935,10.97741699,10.97741699,11.8560791,11.8560791,0.337585449,0.337585449,0.356735229,0.356735229,1.742980957,1.742980957,13.64439559,13.64439559,5.640637939,5.640637939,4.042641791,4.042641791,14.86232058,14.86232058,10.69250488,10.69250488,10.99417114,10.99417114,9.868896484,9.868896484,9.823410034,9.823410034,9.852142334,9.852142334,9.832992554,9.832992554,0
10.14422607,10.14422607,9.703704834,9.703704834,9.823410034,9.823410034,11.48354216,11.48354216,9.121902466,9.121902466,8.310272217,8.310272217,11.7085691,11.7085691,9.557647705,9.557647705,8.820236206,8.820236206,8.564056396,8.564056396,10.07240295,10.07240295,10.52729797,10.52729797,9.868896484,9.868896484,9.521743774,9.521743774,9.866500854,9.866500854,9.454696655,9.454696655,10.26634216,10.26634216,0.162811279,0.162811279,0.667984009,0.667984009,15.02721673,15.02721673,8.383123641,8.383123641,31.04132223,31.04132223,24.42755919,24.42755919,16.31027973,16.31027973,9.737213135,9.737213135,0
11.21238921,11.21238921,11.88002014,11.88002014,10.74517822,10.74517822,8.324630737,8.324630737,10.0269165,10.0269165,9.895233154,9.895233154,9.538497925,9.538497925,9.700990972,9.700990972,10.472229,10.472229,9.821014404,9.821014404,10.12654599,10.12654599,10.22269699,10.22269699,0.02633667,0.02633667,0.610519409,0.610519409,30.97593926,30.97593926,0.22026062,0.22026062,0.22026062,7.138907149,7.138907149,67.24366722,17.36890347,3.445870079,3.445870079,6.11239624,0.746994019,10.80982971,10.80982971,10.67575073,10.67575073,9.959884644,9.959884644,9.686935425,9.686935425,9.761169434,0
10.31182861,10.31182861,10.58476257,10.58476257,11.84172058,11.84172058,7.735656738,7.735656738,9.987202679,9.987202679,10.04127502,10.04127502,10.01016235,10.01016235,9.923965454,9.923965454,9.763549805,9.763549805,9.892837524,9.892837524,9.844955444,9.844955444,10.54167175,10.54167175,10.70925903,10.70925903,9.871292114,9.871292114,9.593566895,9.593566895,9.227249146,9.227249146,0.19152832,0.19152832,0.593765259,0.593765259,19.27764466,19.27764466,19.74813133,19.74813133,12.17329846,12.17329846,17.07066345,17.07066345,8.963882446,8.963882446,11.09712219,11.09712219,9.722854614,9.722854614,0
21.0378418,21.0378418,6.703765869,6.703765869,8.723758859,8.723758859,10.5475426,10.5475426,9.919174194,9.919174194,11.31500244,11.31500244,10.60630798,10.60630798,9.157213241,9.157213241,11.04201499,11.04201499,11.72021707,11.72021707,14.31213011,14.31213011,11.11081414,11.11081414,8.767562866,8.767562866,8.492233276,8.492233276,11.8601289,11.8601289,0.13168335,0.13168335,0.407012939,0.407012939,18.77516925,18.77516925,10.88925334,10.88925334,0.1197052,0.1197052,3.827487225,3.827487225,6.08605957,6.08605957,9.356536865,9.356536865,9.255981445,9.255981445,9.900024414,9.900024414,0
9.382873535,10.56082153,10.56082153,9.437942505,9.437942505,9.588775635,9.588775635,9.457092285,9.457092285,10.29267883,10.29267883,9.902420044,9.902420044,9.564834595,9.564834595,9.928756714,9.928756714,9.900024414,9.900024414,9.938323975,9.938323975,9.136276245,9.136276245,0.10774231,0.10774231,0.52911377,0.52911377,31.07528665,31.07528665,14.69624071,14.69624071,0.07901001,0.07901001,11.59701628,11.59701628,41.91584345,41.91584345,11.48498535,11.48498535,9.585135114,9.585135114,9.971847534,9.971847534,9.928756714,9.928756714,9.859313965,9.859313965,10.01972961,10.01972961,9.873687744,0
10.71634525,10.90252462,10.90252462,8.961904244,8.961904244,9.070393092,9.070393092,9.759136472,9.759136472,8.869295824,8.869295824,9.194872614,10.24042879,10.24042879,9.806167209,9.806167209,9.280626193,9.280626193,10.22871044,10.22871044,10.23517151,10.23517151,9.328667497,9.328667497,9.847217742,9.847217742,4.299048744,4.299048744,0.42376709,0.42376709,9.065909234,60.1405883,12.35743675,8.011739501,8.011739501,8.011739501,25.08232756,25.08232756,1.881835938,1.881835938,27.10336928,27.10336928,9.813827515,9.813827515,10.0269165,10.0269165,9.890441895,9.890441895,9.979034424,9.979034424,0
10.06044006,9.768341064,9.768341064,10.15620422,10.15620422,10.17774963,10.17774963,9.967056274,9.967056274,10.33337402,10.33337402,9.945510864,9.945510864,9.988601685,9.988601685,10.26394653,10.26394653,10.14422607,10.14422607,5.066131592,0.42137146,0.42137146,0.42137146,0.665588379,0.665588379,0.136474609,0.136474609,0.00958252,0.00958252,43.91915799,43.91915799,16.6294151,16.6294151,3.776902184,3.776902184,8.245435193,8.245435193,9.116430049,9.116430049,10.38860548,10.38860548,10.49318135,10.49318135,7.814666748,7.814666748,6.186901069,6.186901069,9.579193115,9.579193115,9.600753784,0
10.28070068,11.27908325,11.27908325,9.865190179,9.865190179,10.86248779,10.86248779,7.390899658,7.390899658,9.696517944,9.696517944,10.33337402,10.33337402,10.02212524,10.02212524,9.926361084,9.926361084,9.967056274,9.967056274,9.773132324,9.773132324,8.983047485,8.983047485,0.24180603,0.24180603,0.737411499,0.737411499,11.06137953,11.06137953,85.16053239,85.16053239,0.189147949,0.189147949,7.215362746,7.215362746,14.43225098,14.43225098,15.50724792,15.50724792,12.1481781,12.1481781,10.0556488,10.0556488,10.12268066,10.12268066,9.792282104,9.792282104,9.880874634,9.880874634,9.821014404,0
7.709506522,14.04199219,14.04199219,9.447525024,9.447525024,13.5607605,13.5607605,8.664611816,8.664611816,8.492233276,8.492233276,3.045425415,3.045425415,0.32800293,0.32800293,42.65512506,42.65512506,10.76305274,10.76305274,39.77673683,39.77673683,21.90675848,21.90675848,34.36092871,34.36092871,9.923965454,9.923965454,9.586380005,9.586380005,9.777923584,9.777923584,9.749191284,9.749191284,9.751586914,9.751586914,9.572021484,9.572021484,9.730041504,9.730041504,10.13463432,10.13463432,12.15314308,12.15314308,9.457067276,9.457067276,10.49532186,10.49532186,7.654886389,7.654886389,9.102493131,0
9.938676854,10.21926622,10.21926622,10.25932209,10.25932209,10.17424423,10.17424423,10.59013482,10.59013482,10.59013482,10.02047129,10.19734425,10.00061872,10.01671626,10.01824267,9.988124723,9.877958748,9.877958748,9.924493089,9.924493089,10.16807882,10.16807882,10.03158456,10.01696533,10.01696533,10.48578333,10.48578333,10.23259828,10.24085696,10.24085696,8.814156609,8.814156609,0.36869812,0.955291748,0.955291748,26.39814831,26.39814831,26.39814831,45.49661985,45.49661985,13.79207543,13.79207543,3.308671533,3.308671533,0.682342529,0.682342529,10.89601135,10.89601135,9.866500854,9.866500854,0
10.2615509,10.58476257,10.58476257,10.30703735,10.30703735,9.129486619,9.129486619,9.47855609,9.47855609,8.360485848,8.360485848,10.21606445,10.21606445,10.18254089,10.18254089,10.11169591,10.11169591,9.696517944,9.696517944,9.435152227,9.435152227,8.832767342,8.832767342,0.15083313,0.15083313,0.646438599,0.646438599,9.279701964,9.279701964,19.45486288,19.45486288,2.823810697,2.823810697,0.34715271,0.34715271,7.637156317,7.637156317,13.60385132,13.60385132,10.10353088,10.10353088,9.959884644,9.959884644,9.983825684,9.983825684,9.969451904,9.969451904,9.727645874,9.727645874,9.892837524,0
10.73157744,7.524444386,7.524444386,9.811782858,9.811782858,9.52436157,9.52436157,10.96377946,10.96377946,10.83199173,11.55441284,11.55441284,11.55441284,8.743621826,8.743621826,7.682998657,7.682998657,9.405904959,9.691575662,9.691575662,9.691575662,10.41858657,10.41858657,10.10077711,10.10077711,10.4547136,10.4547136,8.392250522,8.392250522,0.337585449,0.337585449,0.237030029,0.237030029,44.95460511,44.95460511,10.73863654,10.73863654,12.92322468,24.47352153,24.47352153,24.47352153,8.209716797,8.209716797,3.093307495,3.093307495,11.1186676,11.1186676,12.40931073,12.40931073,10.32677326,0
